{"file_hash":null,"name":"If Equal Return Index","version":"0.1.0","description":"If element in list A equal to element in list B then return index from list B. Tested with numbers, strings and xyz points.","group":"Core.Lists.Query","keywords":["if","equal","return","index","compare"],"dependencies":[],"license":"MIT","contents":"If Equal Return Index - If element in list A is equal to an element in list B then return index from list B.","engine_version":"0.6.2.29585","engine_metadata":"","engine":"dynamo"}